Domain,Status,Attractiveness,Demand,Length,Sectors,Created,Expires,Registrar
one.gay,available,132,44%,3,"Business,General,Media,Technology",,,
brief.gay,available,124,19%,5,"Business,Education,General,Law",,,
complete.gay,available,120,21%,8,"Manufacturing,Retail,Technology",,,
second.gay,available,120,23%,6,"General,Mathematics",,,
flat.gay,available,116,24%,4,"Construction,Real Estate",,,
tenth.gay,available,116,7%,5,Mathematics,,,
equal.gay,available,116,19%,5,"Education,General,Law",,,
tonic.gay,available,114,22%,5,"Health and Fitness,Medicine,Science",,,
hotshot.gay,available,112,14%,7,"Business,Entertainment,Sports",,,
acute.gay,available,112,9%,5,"Mathematics,Medicine,Science",,,
abstract.gay,available,108,29%,8,"Arts,Humanities,Science",,,
abiding.gay,available,106,5%,7,"General,Religion",,,
active.gay,available,104,27%,6,"Health and Fitness,Sports,Travel",,,
teen.gay,available,104,14%,4,"Education,Entertainment,Healthcare",,,
expert.gay,available,104,26%,6,"Business,Education,Technology",,,
absent.gay,available,102,8%,6,"Business,Education,Technology",,,
eight.gay,available,102,23%,5,"General,Mathematics",,,
captive.gay,available,102,14%,7,"Entertainment,Hospitality,Technology",,,
extra.gay,available,102,26%,5,"Fashion,Retail,Technology",,,
remove.gay,available,100,13%,6,"Construction,Manufacturing,Technology",,,
whiz.gay,available,100,12%,4,"Business,Education,Technology",,,
adjunct.gay,available,100,5%,7,Education,,,
eighth.gay,available,100,6%,6,Mathematics,,,
sixth.gay,available,100,8%,5,Mathematics,,,
abrupt.gay,available,100,3%,6,"Medicine,Science",,,
ninth.gay,available,100,9%,5,Mathematics,,,
third.gay,available,100,16%,5,Mathematics,,,
whizz.gay,available,98,11%,5,"Business,Education,Technology",,,
genius.gay,available,98,46%,6,"Arts,Education,Technology",,,
alamode.gay,available,96,12%,9,Fashion,,,
actual.gay,available,96,22%,6,"Real Estate,Retail,Technology",,,
doable.gay,available,96,9%,6,"Business,Education,Technology",,,
forgiving.gay,available,96,3%,9,"Healthcare,Religion",,,
academic.gay,available,96,20%,8,"Education,Humanities,Science",,,
virtuoso.gay,available,94,16%,8,"Arts,Entertainment",,,
abject.gay,available,94,7%,6,Humanities,,,
adequate.gay,available,94,9%,8,"Education,Healthcare,Technology",,,
about.gay,available,94,28%,5,"Business,General,Media,Technology",,,
around.gay,available,94,22%,6,"Business,General,Media,Technology",,,
neutral.gay,available,92,20%,7,"Business,Media,Politics",,,
derelict.gay,available,92,7%,8,"Construction,Real Estate",,,
exemplary.gay,available,92,5%,9,"Business,Education,Healthcare",,,
adjective.gay,available,92,5%,9,Education,,,
adept.gay,available,92,24%,5,"Education,Health and Fitness,Sports",,,
nought.gay,available,92,4%,6,Mathematics,,,
abroad.gay,available,92,12%,6,"Hospitality,Travel",,,
next.gay,available,92,43%,4,"Retail,Technology,Transportation",,,
twentieth.gay,available,92,3%,9,Mathematics,,,
adoring.gay,available,90,2%,7,"Entertainment,Fashion,Retail",,,
addictive.gay,available,90,9%,9,Healthcare,,,
clear.gay,available,90,47%,5,"Manufacturing,Retail,Technology",,,
additional.gay,available,90,8%,10,"Fashion,Retail,Technology",,,
gripping.gay,available,90,3%,8,"Entertainment,Media,Technology",,,
abortive.gay,available,90,1%,8,"Medicine,Science",,,
leash.gay,available,90,7%,5,"General,Health and Fitness,Retail",,,
endearing.gay,available,90,1%,9,"Entertainment,Fashion,Retail",,,
riveting.gay,available,90,6%,8,"Entertainment,Media,Technology",,,
ten.gay,available,88,28%,3,"General,Mathematics",,,
wide.gay,expired,88,18%,4,"Business,Media,Technology",21/07/2024 12:35,21/07/2025 12:35,"Spaceship, Inc."
ace.gay,available,88,34%,3,Sports,,,
twelve.gay,available,88,18%,6,"General,Mathematics",,,
actionable.gay,available,88,13%,10,"Business,Law",,,
hundred.gay,available,88,14%,7,Mathematics,,,
three.gay,available,88,24%,5,Mathematics,,,
activist.gay,available,88,12%,8,"Humanities,Politics",,,
proficient.gay,available,88,8%,10,"Education,Health and Fitness,Sports",,,
fifteen.gay,available,88,13%,7,Mathematics,,,
eleven.gay,available,88,33%,6,Mathematics,,,
sixteen.gay,available,88,11%,7,Mathematics,,,
adlib.gay,available,88,7%,6,Entertainment,,,
recondite.gay,available,86,4%,9,"Arts,Humanities,Science",,,
star.gay,available,86,40%,4,"Entertainment,Media,Sports",,,
adolescent.gay,available,86,3%,10,"Education,Entertainment,Healthcare",,,
intent.gay,available,86,25%,6,"Business,Education,Technology",,,
xix.gay,available,86,11%,3,Mathematics,,,
aboriginal.gay,available,86,10%,10,Humanities,,,
attendant.gay,available,86,5%,9,"Healthcare,Hospitality,Transportation",,,
engrossing.gay,available,86,0%,10,"Entertainment,Media,Technology",,,
extempore.gay,available,86,3%,9,Entertainment,,,
thirteen.gay,available,84,10%,8,Mathematics,,,
deviate.gay,available,84,12%,7,"Medicine,Science",,,
fourteen.gay,available,84,8%,8,Mathematics,,,
adjustable.gay,available,84,3%,10,"Manufacturing,Retail,Technology",,,
grand.gay,available,84,25%,5,"Finance,General",,,
seventeen.gay,available,84,7%,9,Mathematics,,,
twentytwo.gay,available,84,11%,10,Mathematics,,,
thousand.gay,available,84,8%,8,Mathematics,,,
sharp.gay,available,84,34%,5,"Arts,Fashion",,,
acting.gay,available,84,12%,6,Entertainment,,,
twentyone.gay,available,84,13%,10,Mathematics,,,
nineteen.gay,available,84,8%,8,Mathematics,,,
altered.gay,available,82,9%,7,"Medicine,Science",,,
abdominal.gay,available,82,1%,9,"Health and Fitness,Medicine",,,
fivesome.gay,available,82,1%,8,Sports,,,
abenaki.gay,available,82,2%,7,Geography,,,
enduring.gay,available,82,9%,8,"Health and Fitness,Religion",,,
decade.gay,available,82,10%,6,Mathematics,,,
impromptu.gay,available,82,16%,9,Entertainment,,,
abroach.gay,available,82,1%,7,Food and Beverage,,,
dozen.gay,available,82,10%,5,Mathematics,,,
good.gay,available,82,47%,4,"Food and Beverage,General,Health and Fitness,Retail",,,
cleansing.gay,available,82,3%,9,Health and Fitness,,,
absorbent.gay,available,82,3%,9,"Healthcare,Manufacturing,Retail",,,
abkhaz.gay,available,82,1%,6,Geography,,,
twenty.gay,resell,80,12%,6,Mathematics,23/11/2020 09:08,23/11/2025 23:59,"NameCheap, Inc."
able.gay,available,80,29%,4,"Business,Education,General,Technology",,,
trio.gay,available,80,21%,4,Entertainment,,,
forty.gay,available,80,9%,5,Mathematics,,,
abundant.gay,available,80,19%,8,"Agriculture,Manufacturing,Retail",,,
capable.gay,available,80,12%,7,"Business,Education,Technology",,,
two.gay,available,80,24%,3,Mathematics,,,
nine.gay,available,80,24%,4,"General,Mathematics",,,
worshipful.gay,available,80,1%,10,"Education,Healthcare,Religion",,,
absurd.gay,available,80,16%,6,"Arts,Entertainment,Media",,,
first.gay,available,80,36%,5,"General,Mathematics",,,
seventh.gay,available,80,10%,7,Mathematics,,,
yard.gay,available,80,26%,4,"Construction,General",,,
adoptable.gay,available,80,3%,9,"Education,Healthcare",,,
some.gay,available,80,32%,4,"Business,Media,Retail",,,
dorsal.gay,available,80,6%,6,"Medicine,Science",,,
absorbable.gay,available,80,0%,10,"Healthcare,Pharmaceuticals,Science",,,
sequent.gay,available,80,7%,7,"Healthcare,Insurance,Transportation",,,
superstar.gay,available,80,18%,9,Entertainment,,,
absolute.gay,available,80,25%,8,"Engineering,Mathematics,Science",,,
accepted.gay,available,78,6%,8,"Business,Education,Technology",,,
athletic.gay,available,78,15%,8,"Health and Fitness,Sports",,,
dormant.gay,available,78,4%,7,"Medicine,Science",,,
absorptive.gay,available,78,1%,10,"Healthcare,Manufacturing,Retail",,,
sixtynine.gay,available,78,8%,10,Mathematics,,,
abkhazian.gay,available,78,1%,9,Geography,,,
abkhasian.gay,available,78,1%,9,Geography,,,
low.gay,available,78,20%,3,"Business,Finance",,,
recognized.gay,available,78,3%,10,"Business,Education,Technology",,,
accidental.gay,available,78,11%,10,"Healthcare,Insurance,Transportation",,,
abounding.gay,available,78,2%,9,Agriculture,,,
recognised.gay,available,78,3%,10,"Business,Education,Technology",,,
twentysix.gay,available,78,8%,10,Mathematics,,,
acceptable.gay,available,78,5%,10,"Business,Hospitality,Retail",,,
adjacent.gay,available,78,9%,8,"Construction,Real Estate,Retail",,,
adrenal.gay,available,78,4%,7,"Education,Healthcare,Science",,,
accurate.gay,available,78,16%,8,"Engineering,Mathematics,Science",,,
acceptant.gay,available,78,1%,9,"Education,Healthcare",,,
accessible.gay,available,78,21%,10,"Healthcare,Retail,Technology",,,
honestly.gay,resell,78,9%,8,"Business,Law",16/06/2025 09:17,16/06/2026 09:17,"GoDaddy.com, LLC"
thirteenth.gay,available,76,4%,10,Mathematics,,,
hundredth.gay,available,76,1%,9,Mathematics,,,
thousandth.gay,available,76,1%,10,Mathematics,,,
adherent.gay,available,76,4%,8,"Politics,Religion",,,
addable.gay,available,76,2%,7,"Engineering,Mathematics,Science",,,
eighteen.gay,available,76,7%,8,Mathematics,,,
acoustic.gay,available,76,14%,8,Science,,,
auxiliary.gay,available,76,7%,9,"Healthcare,Manufacturing,Technology",,,
adhesive.gay,available,76,7%,8,"Construction,Manufacturing,Technology",,,
resultant.gay,available,76,2%,9,"Healthcare,Insurance,Transportation",,,
diamond.gay,expiring,76,32%,7,Fashion,16/09/2020 16:12,16/09/2025 23:59,"GoDaddy.com, LLC"
improvise.gay,available,76,4%,9,Entertainment,,,
threed.gay,available,76,7%,7,Technology,,,
fourteenth.gay,available,76,1%,10,Mathematics,,,
adaptable.gay,available,76,9%,9,"Business,Education,Technology",,,
fifteenth.gay,available,76,2%,9,Mathematics,,,
firstrate.gay,available,76,6%,10,Business,,,
ancillary.gay,available,76,6%,9,"Healthcare,Manufacturing,Technology",,,
adaptive.gay,available,76,28%,8,"Business,Education,Technology",,,
incidental.gay,available,76,4%,10,"Healthcare,Insurance,Transportation",,,
adipose.gay,available,76,2%,7,"Healthcare,Science",,,
nineteenth.gay,available,76,3%,10,Mathematics,,,
ague.gay,available,76,2%,4,"Geography,Medicine,Science",,,
energizing.gay,available,76,3%,10,"Food and Beverage,Health and Fitness,Travel",,,
ventral.gay,available,76,3%,7,Science,,,
abrasive.gay,available,76,6%,8,"Construction,Manufacturing",,,
obscene.gay,available,76,5%,7,"Entertainment,Media",,,
accepting.gay,available,74,3%,9,"Education,Healthcare",,,
admirable.gay,available,74,5%,9,"Business,Education,Healthcare",,,
mavin.gay,available,74,7%,5,"Entertainment,Fashion,Technology",,,
playing.gay,available,74,12%,7,Entertainment,,,
single.gay,available,74,19%,6,Sports,,,
manageable.gay,available,74,4%,10,"Business,Education,Technology",,,
realizable.gay,available,74,1%,10,"Business,Education,Technology",,,
cleared.gay,available,74,7%,7,"Healthcare,Law,Transportation",,,
adrenergic.gay,available,74,1%,10,"Education,Healthcare,Science",,,
sensation.gay,available,74,7%,9,"Entertainment,Media,Sports",,,
supra.gay,available,74,25%,5,"Medicine,Science",,,
acuate.gay,available,74,2%,6,"Engineering,Medicine,Science",,,
adapted.gay,available,74,6%,7,"Healthcare,Manufacturing,Technology",,,
aberrant.gay,available,74,6%,8,"Medicine,Science",,,
broad.gay,available,74,13%,5,"Entertainment,General,Media",,,
skilful.gay,available,74,3%,7,"Education,Health and Fitness,Sports",,,
achievable.gay,available,74,4%,10,"Business,Education,Technology",,,
activated.gay,available,74,9%,9,"Healthcare,Manufacturing,Technology",,,
adenoid.gay,available,74,1%,7,"Health and Fitness,Medicine,Science",,,
adamant.gay,available,74,14%,7,Religion,,,
adaptative.gay,available,72,1%,10,"Business,Education,Technology",,,
accustomed.gay,available,72,1%,10,"Business,Education,Humanities",,,
addicted.gay,available,72,9%,8,Healthcare,,,
ternary.gay,available,72,7%,7,Mathematics,,,
aching.gay,available,72,4%,6,Healthcare,,,
improvize.gay,available,72,1%,9,Entertainment,,,
trinity.gay,available,72,18%,7,Religion,,,
trey.gay,available,72,14%,4,Sports,,,
absolutist.gay,available,72,1%,10,"Humanities,Law,Politics",,,
champion.gay,available,72,28%,8,"Entertainment,Health and Fitness,Sports",,,
accusative.gay,available,72,0%,10,"Humanities,Law",,,
eightieth.gay,available,72,1%,9,Mathematics,,,
existent.gay,available,72,3%,8,"Mathematics,Science",,,
ninetieth.gay,available,72,1%,9,Mathematics,,,
lovely.gay,available,72,26%,6,"Entertainment,Fashion,Retail",,,
deep.gay,available,72,41%,4,"Engineering,Mathematics,Science",,,
sixtieth.gay,available,72,1%,8,Mathematics,,,
ablaze.gay,available,72,6%,6,Entertainment,,,
abreast.gay,available,72,2%,7,"Business,Technology",,,
adiabatic.gay,available,72,3%,9,"Engineering,Science",,,
adonic.gay,available,72,2%,6,"Arts,Education,Entertainment",,,
adjectival.gay,available,72,1%,10,Education,,,
adjunctive.gay,available,72,1%,10,"Healthcare,Manufacturing,Technology",,,
seventieth.gay,available,72,1%,10,Mathematics,,,
absorbed.gay,available,72,2%,8,"Entertainment,Media,Technology",,,
abloom.gay,available,72,5%,6,Agriculture,,,
engrossed.gay,available,72,1%,9,"Entertainment,Media,Technology",,,
absorbing.gay,available,70,3%,9,"Entertainment,Media,Technology",,,
miserable.gay,available,70,4%,9,Humanities,,,
practiced.gay,available,70,3%,9,"Education,Health and Fitness,Sports",,,
stillborn.gay,available,70,2%,9,"Medicine,Science",,,
recumbent.gay,available,70,2%,9,"Healthcare,Medicine,Science",,,
consequent.gay,available,70,3%,10,"Business,Education,General,Technology",,,
acuminate.gay,available,70,1%,9,"Engineering,Medicine,Science",,,
admired.gay,available,70,5%,7,"Business,Education,Healthcare",,,
lowdown.gay,available,70,6%,8,"Entertainment,Media",,,
unity.gay,available,70,40%,5,Mathematics,,,
tiptop.gay,available,70,24%,6,Fashion,,,
offhand.gay,available,70,2%,7,Entertainment,,,
adored.gay,available,70,6%,6,"Entertainment,Fashion,Retail",,,
abulic.gay,available,70,1%,6,Medicine,,,
adjusted.gay,available,70,5%,8,"Manufacturing,Retail,Technology",,,
gymnastic.gay,available,70,3%,9,"Entertainment,Sports",,,
abradant.gay,available,70,1%,8,"Construction,Manufacturing",,,
adamantine.gay,available,70,4%,10,Religion,,,
skillful.gay,available,70,9%,8,"Education,Health and Fitness,Sports",,,
accumbent.gay,available,70,1%,9,"Healthcare,Medicine,Science",,,
licenced.gay,available,68,2%,8,"Business,Healthcare,Insurance",,,
fortieth.gay,available,68,0%,8,Mathematics,,,
achaean.gay,available,68,2%,7,Humanities,,,
octonary.gay,available,68,1%,8,Mathematics,,,
aroused.gay,available,68,3%,7,"Entertainment,Health and Fitness",,,
overseas.gay,available,68,12%,8,"Hospitality,Travel",,,
acerate.gay,available,68,1%,7,Science,,,
threesome.gay,available,68,5%,9,Entertainment,,,
abnaki.gay,available,68,1%,6,Geography,,,
ane.gay,expired,68,12%,3,Mathematics,03/06/2024 16:08,03/06/2025 16:08,"NameCheap, Inc."
vindicated.gay,available,68,2%,10,"Humanities,Law,Politics",,,
stygian.gay,available,68,5%,7,Humanities,,,
abkhas.gay,available,68,0%,6,Geography,,,
scurvy.gay,available,68,3%,6,Humanities,,,
ennead.gay,available,68,5%,6,Mathematics,,,
decorated.gay,available,68,3%,9,"Entertainment,Fashion,Retail",,,
fiftieth.gay,available,68,0%,8,Mathematics,,,
foursome.gay,available,68,4%,8,Sports,,,
achaian.gay,available,68,2%,7,Humanities,,,
aculeate.gay,available,68,1%,8,"Engineering,Medicine,Science",,,
abducent.gay,available,68,0%,8,Medicine,,,
aberdonian.gay,available,68,1%,10,Geography,,,
disciple.gay,available,68,14%,8,"Education,Religion",,,
septenary.gay,available,68,1%,9,Mathematics,,,
thirtieth.gay,available,68,1%,9,Mathematics,,,
sevener.gay,available,68,1%,7,Mathematics,,,
licensed.gay,available,68,5%,8,"Business,Healthcare,Insurance",,,
activating.gay,available,68,3%,10,"Healthcare,Manufacturing,Technology",,,
ablative.gay,available,68,3%,8,Science,,,
accredited.gay,available,68,9%,10,"Business,Education,Healthcare",,,
acrobatic.gay,available,66,4%,9,"Entertainment,Sports",,,
ninety.gay,available,66,11%,6,Mathematics,,,
accessary.gay,available,66,1%,9,"Business,Law,Technology",,,
xvii.gay,available,66,5%,4,Mathematics,,,
onec.gay,available,66,6%,5,Mathematics,,,
xxv.gay,available,66,6%,3,Mathematics,,,
teenager.gay,available,66,4%,8,"Education,Entertainment,Healthcare",,,
acervate.gay,available,66,1%,8,Science,,,
xiii.gay,available,66,9%,4,Mathematics,,,
modish.gay,available,66,5%,6,Fashion,,,
buzzing.gay,available,66,7%,7,"Entertainment,Media,Technology",,,
xxi.gay,available,66,10%,3,Mathematics,,,
xii.gay,available,66,10%,3,Mathematics,,,
according.gay,available,66,3%,9,"Business,Education,Technology",,,
tenner.gay,available,66,5%,6,Finance,,,
maven.gay,available,66,30%,5,"Entertainment,Fashion,Technology",,,
adorned.gay,available,66,5%,7,"Entertainment,Fashion,Retail",,,
clv.gay,available,66,10%,3,Mathematics,,,
xviii.gay,available,66,5%,5,Mathematics,,,
abstinent.gay,available,66,1%,9,"Health and Fitness,Religion",,,
thirty.gay,available,66,8%,6,Mathematics,,,
four.gay,available,66,27%,4,Mathematics,,,
deuce.gay,available,66,9%,5,Sports,,,
adopted.gay,available,66,4%,7,"Education,Healthcare",,,
latest.gay,available,66,18%,6,Technology,,,
century.gay,available,66,17%,7,Education,,,
xvi.gay,available,66,5%,3,Mathematics,,,
acappella.gay,available,66,6%,10,Entertainment,,,
xxvi.gay,available,66,3%,4,Mathematics,,,
sextet.gay,available,66,1%,6,Entertainment,,,
performing.gay,available,66,6%,10,Entertainment,,,
xxii.gay,available,66,6%,4,Mathematics,,,
exonerated.gay,available,66,2%,10,"Humanities,Law,Politics",,,
fifty.gay,available,66,12%,5,Mathematics,,,
scatty.gay,available,64,1%,6,"Arts,Entertainment,Media",,,
astringent.gay,available,64,1%,10,"Healthcare,Pharmaceuticals",,,
deviant.gay,available,64,12%,7,"Medicine,Science",,,
absolved.gay,available,64,1%,8,"Humanities,Law,Religion",,,
acentric.gay,available,64,2%,8,Science,,,
accordant.gay,available,64,3%,9,"Arts,Entertainment",,,
rising.gay,available,64,18%,6,"Construction,Manufacturing,Real Estate",,,
aflame.gay,available,64,3%,6,Entertainment,,,
adagio.gay,available,64,14%,6,Entertainment,,,
nondrinker.gay,available,64,1%,10,"Health and Fitness,Religion",,,
ccc.gay,available,64,38%,3,Mathematics,,,
eighteenth.gay,available,62,1%,10,Mathematics,,,
exculpated.gay,available,62,1%,10,"Humanities,Law,Politics",,,
adoptive.gay,available,62,1%,8,"Education,Healthcare",,,
nail.gay,available,62,16%,4,"Construction,Fashion,General,Retail",,,
twodozen.gay,available,62,1%,9,Mathematics,,,
troika.gay,available,62,8%,6,Politics,,,
longdozen.gay,available,62,2%,10,Mathematics,,,
orso.gay,available,62,9%,5,"Business,Media,Technology",,,
quartet.gay,available,62,7%,7,"Arts,Entertainment",,,
abo.gay,available,62,15%,3,Science,,,
sixteenth.gay,available,62,1%,9,Mathematics,,,
accusing.gay,available,62,1%,8,Law,,,
cumulative.gay,available,62,2%,10,"Banking,Finance,Insurance",,,
adjuvant.gay,available,62,5%,8,"Healthcare,Manufacturing,Technology",,,
admissible.gay,available,62,1%,10,"Education,Healthcare,Law",,,
pungent.gay,available,62,1%,7,Food and Beverage,,,
ensuant.gay,available,62,1%,7,"Healthcare,Insurance,Transportation",,,
roughly.gay,available,62,3%,7,"Business,Media,Technology",,,
wrapped.gay,available,62,13%,7,"Fashion,Hospitality,Retail",,,
aborigine.gay,available,62,1%,9,Humanities,,,
acidic.gay,available,62,5%,6,"Food and Beverage,Science",,,
accrued.gay,available,62,2%,7,"Banking,Finance,Insurance",,,
activation.gay,available,62,16%,10,"Healthcare,Manufacturing,Technology",,,
chiliad.gay,available,62,2%,7,Mathematics,,,
playacting.gay,available,62,1%,10,Entertainment,,,
aufait.gay,available,62,3%,7,"Fashion,Media",,,
fortyfour.gay,available,62,6%,10,Mathematics,,,
eleventh.gay,available,62,5%,8,Mathematics,,,
activistic.gay,available,62,1%,10,"Humanities,Politics",,,
clxxv.gay,available,60,1%,5,Mathematics,,,
idolised.gay,available,60,1%,8,"Entertainment,Fashion,Retail",,,
adnate.gay,available,60,1%,6,"Agriculture,Manufacturing,Retail",,,
idolized.gay,available,60,3%,8,"Entertainment,Fashion,Retail",,,
xcl.gay,available,60,5%,3,Mathematics,,,
cxl.gay,available,60,7%,3,Mathematics,,,
paunchy.gay,available,60,0%,7,"Health and Fitness,Medicine",,,
eightysix.gay,available,60,7%,10,Mathematics,,,
cxlv.gay,available,60,2%,4,Mathematics,,,
aboveboard.gay,available,60,5%,10,"Business,Law",,,
abstainer.gay,available,60,0%,9,"Health and Fitness,Religion",,,
sixty.gay,available,60,13%,5,Mathematics,,,
tertiary.gay,available,60,4%,8,Education,,,
abashed.gay,available,60,1%,7,Humanities,,,
cautionary.gay,available,60,1%,10,"Business,Education,Healthcare",,,
acceptive.gay,available,60,1%,9,"Education,Healthcare",,,
thou.gay,available,60,7%,4,Mathematics,,,
clxv.gay,available,60,1%,4,Mathematics,,,
cxv.gay,available,60,4%,3,Mathematics,,,
abstemious.gay,available,60,0%,10,"Food and Beverage,Health and Fitness,Hospitality",,,
clxx.gay,available,60,3%,4,Mathematics,,,
cxxx.gay,available,60,4%,4,Mathematics,,,
clx.gay,available,60,10%,3,Mathematics,,,
cxxxv.gay,available,60,2%,5,Mathematics,,,
octet.gay,available,60,12%,5,Arts,,,
clxxx.gay,available,60,1%,5,Mathematics,,,
cxxv.gay,available,60,1%,4,Mathematics,,,
annexal.gay,available,60,1%,7,"Agriculture,Manufacturing,Retail",,,
adnexal.gay,available,60,1%,7,"Agriculture,Manufacturing,Retail",,,
tercet.gay,available,59,2%,6,"Arts,Entertainment,Media",,,
actuarial.gay,available,58,8%,9,"Finance,Insurance,Mathematics",,,
fourth.gay,available,58,13%,6,Mathematics,,,
abused.gay,available,58,5%,6,"Healthcare,Law",,,
linear.gay,available,58,22%,6,"Engineering,Mathematics,Science",,,
twelfth.gay,available,58,2%,7,Mathematics,,,
heptad.gay,available,58,1%,6,Mathematics,,,
fifth.gay,available,58,12%,5,Mathematics,,,
hexad.gay,available,58,4%,5,Mathematics,,,
acetic.gay,available,58,1%,6,"Food and Beverage,Science",,,
closeto.gay,available,58,3%,8,"Business,Media,Technology",,,
seven.gay,available,58,36%,5,Mathematics,,,
sixtyone.gay,available,58,3%,9,Mathematics,,,
lxxx.gay,available,58,2%,4,Mathematics,,,
octad.gay,available,58,5%,5,Mathematics,,,
pentad.gay,available,58,2%,6,Mathematics,,,
sixer.gay,available,58,5%,5,Sports,,,
addressed.gay,available,58,3%,9,"Business,Technology,Telecommunications",,,
adient.gay,available,58,4%,6,"Medicine,Science",,,
super.gay,available,58,47%,5,Business,,,
aucourant.gay,available,58,3%,10,"Fashion,Media",,,
centesimal.gay,available,58,1%,10,Mathematics,,,
enwrapped.gay,available,58,0%,9,"Entertainment,Fashion,Media",,,
eighter.gay,available,58,2%,7,Mathematics,,,
accoutred.gay,available,58,1%,9,"Fashion,Manufacturing,Retail",,,
fourscore.gay,available,58,4%,9,Mathematics,,,
justabout.gay,available,58,3%,10,"Business,Media,Technology",,,
seventy.gay,available,58,7%,7,Mathematics,,,
acyclic.gay,available,58,4%,7,"Engineering,Mathematics,Science",,,
tetrad.gay,available,58,5%,6,Mathematics,,,
quintet.gay,available,58,8%,7,"Arts,Entertainment",,,
accented.gay,available,58,3%,8,"Arts,Entertainment",,,
abridged.gay,available,58,4%,8,Media,,,
offhanded.gay,available,58,1%,9,Entertainment,,,
niner.gay,available,58,5%,5,Mathematics,,,
cypher.gay,expired,58,29%,6,Mathematics,16/07/2021 02:49,16/07/2025 23:59,"NameCheap, Inc."
abandoned.gay,available,58,10%,9,"Construction,Real Estate",,,
abuzz.gay,available,58,5%,5,"Entertainment,Media,Technology",,,
lxxviii.gay,available,58,1%,7,Mathematics,,,
ache.gay,available,58,7%,4,Healthcare,,,
sextuplet.gay,available,58,1%,9,Healthcare,,,
alacarte.gay,available,58,11%,10,Food and Beverage,,,
accretive.gay,available,58,6%,9,"Banking,Finance,Insurance",,,
adhoc.gay,available,58,24%,6,"Business,Engineering,Technology",,,
addible.gay,available,58,2%,7,"Engineering,Mathematics,Science",,,
adjustive.gay,available,58,1%,9,"Manufacturing,Retail,Technology",,,
maledict.gay,available,56,1%,8,Religion,,,
xxix.gay,available,56,4%,4,Mathematics,,,
xlii.gay,available,56,5%,4,Mathematics,,,
thirtysix.gay,available,56,5%,10,Mathematics,,,
xliii.gay,available,56,1%,5,Mathematics,,,
fiftynine.gay,available,56,4%,10,Mathematics,,,
xlviii.gay,available,56,1%,6,Mathematics,,,
potbellied.gay,available,56,0%,10,"Health and Fitness,Medicine",,,
xxxvi.gay,available,56,1%,5,Mathematics,,,
fiftyone.gay,available,56,7%,9,Mathematics,,,
lii.gay,available,56,7%,3,Mathematics,,,
xxiv.gay,available,56,5%,4,Mathematics,,,
xxxviii.gay,available,56,1%,7,Mathematics,,,
lvii.gay,available,56,1%,4,Mathematics,,,
fortyone.gay,available,56,4%,9,Mathematics,,,
ilx.gay,available,56,5%,3,Mathematics,,,
fortysix.gay,available,56,3%,9,Mathematics,,,
abeyant.gay,available,56,1%,7,"Business,Law",,,
fiftysix.gay,available,56,4%,9,Mathematics,,,
admittable.gay,available,56,1%,10,"Education,Healthcare,Hospitality",,,
lvi.gay,available,56,8%,3,Mathematics,,,
xxxv.gay,available,56,4%,4,Mathematics,,,
xli.gay,available,56,5%,3,Mathematics,,,
addled.gay,available,56,2%,6,Entertainment,,,
thirtytwo.gay,available,56,5%,10,Mathematics,,,
xxiii.gay,available,56,5%,5,Mathematics,,,
fiftytwo.gay,available,56,6%,9,Mathematics,,,
xxxii.gay,available,56,1%,5,Mathematics,,,
admissive.gay,available,56,1%,9,"Education,Healthcare,Hospitality",,,
halfdozen.gay,available,56,1%,10,Mathematics,,,
xlv.gay,available,56,6%,3,Mathematics,,,
xliv.gay,available,56,2%,4,Mathematics,,,
xxxvii.gay,available,56,2%,6,Mathematics,,,
xxviii.gay,available,56,1%,6,Mathematics,,,
xlvi.gay,available,56,3%,4,Mathematics,,,
terzetto.gay,available,56,3%,8,Arts,,,
xxvii.gay,available,56,3%,5,Mathematics,,,
aone.gay,available,56,15%,5,Food and Beverage,,,
fortynine.gay,available,56,3%,10,Mathematics,,,
fortytwo.gay,available,56,17%,9,Mathematics,,,
appressed.gay,available,56,0%,9,"Agriculture,Manufacturing,Retail",,,
xxxiv.gay,available,56,1%,5,Mathematics,,,
admittible.gay,available,56,1%,10,"Education,Healthcare,Hospitality",,,
abdominous.gay,available,56,0%,10,"Health and Fitness,Medicine",,,
accoutered.gay,available,56,0%,10,"Fashion,Manufacturing,Retail",,,
liii.gay,available,56,4%,4,Mathematics,,,
xlvii.gay,available,56,2%,5,Mathematics,,,
fiftyfour.gay,available,56,3%,10,Mathematics,,,
xxxiii.gay,available,56,2%,6,Mathematics,,,
thirtyone.gay,available,56,5%,10,Mathematics,,,
triad.gay,available,56,15%,5,Arts,,,
fiftyfive.gay,available,56,7%,10,Mathematics,,,
lviii.gay,available,56,1%,5,Mathematics,,,
quatern.gay,available,54,2%,7,Mathematics,,,
actuated.gay,available,54,2%,8,"Automotive,Manufacturing,Technology",,,
accursed.gay,available,54,3%,8,"Entertainment,Media,Religion",,,
aboral.gay,available,54,2%,6,Science,,,
adducting.gay,available,54,1%,9,"Engineering,Mathematics,Science",,,
accentual.gay,available,54,3%,9,"Arts,Entertainment",,,
adpressed.gay,available,54,0%,9,"Agriculture,Manufacturing,Retail",,,
adaxial.gay,available,54,2%,7,Science,,,
adductive.gay,available,54,0%,9,"Engineering,Mathematics,Science",,,
adjuratory.gay,available,54,0%,10,"Law,Politics,Religion",,,
threescore.gay,available,54,1%,10,Mathematics,,,
achy.gay,available,54,3%,4,Healthcare,,,
abient.gay,available,54,1%,6,Science,,,
abhorrent.gay,available,54,1%,9,Humanities,,,
sise.gay,available,54,5%,4,Mathematics,,,
unnatural.gay,available,54,4%,9,"Medicine,Science",,,
quintuplet.gay,available,54,1%,10,"Healthcare,Medicine,Science",,,
twoscore.gay,available,54,2%,8,Mathematics,,,
abaxial.gay,available,54,1%,7,Science,,,
abatic.gay,available,54,1%,6,Science,,,
topnotch.gay,available,54,18%,8,Business,,,
abducens.gay,available,54,1%,8,Medicine,,,
acoustical.gay,available,54,4%,10,Science,,,
abasic.gay,available,54,1%,6,Science,,,
deuceace.gay,available,54,2%,9,Sports,,,
abatable.gay,available,54,1%,8,Law,,,
quaternion.gay,available,54,6%,10,Mathematics,,,
adducent.gay,available,54,1%,8,"Engineering,Mathematics,Science",,,
iii.gay,available,54,24%,3,Mathematics,,,
viii.gay,available,54,6%,4,Mathematics,,,
scratchy.gay,available,54,3%,8,Fashion,,,
monitory.gay,available,54,3%,8,"Business,Education,Healthcare",,,
quadruplet.gay,available,54,1%,10,"Healthcare,Medicine,Science",,,
deserted.gay,available,54,3%,8,"Hospitality,Real Estate",,,
fortyfive.gay,available,54,4%,10,Mathematics,,,
admonitory.gay,available,54,0%,10,"Business,Education,Healthcare",,,
fin.gay,available,54,30%,3,Finance,,,
ternion.gay,available,54,3%,7,Mathematics,,,
quaternity.gay,available,54,4%,10,Mathematics,,,
xxx.gay,available,53,30%,3,"Arts,Entertainment,Media",,,
sestet.gay,available,53,1%,6,Arts,,,
septet.gay,available,53,1%,6,General,,,
lxxxiv.gay,available,52,1%,6,Mathematics,,,
abusive.gay,available,52,3%,7,"Healthcare,Law",,,
xci.gay,available,52,4%,3,Mathematics,,,
lxxxiii.gay,available,52,1%,7,Mathematics,,,
abstruse.gay,available,52,5%,8,"Humanities,Mathematics,Science",,,
xcvii.gay,available,52,1%,5,Mathematics,,,
lxxxv.gay,available,52,1%,5,Mathematics,,,
xcviii.gay,available,52,1%,6,Mathematics,,,
lxxxi.gay,available,52,1%,5,Mathematics,,,
ninetysix.gay,available,52,4%,10,Mathematics,,,
repugnant.gay,available,52,1%,9,Humanities,,,
lxxi.gay,available,52,1%,4,Mathematics,,,
tierce.gay,available,52,3%,6,General,,,
littlejoe.gay,available,52,2%,10,"Entertainment,Media",,,
sixtyfour.gay,available,52,3%,10,Mathematics,,,
lxxv.gay,available,52,1%,4,Mathematics,,,
lxxxii.gay,available,52,1%,6,Mathematics,,,
xcvi.gay,available,52,2%,4,Mathematics,,,
lxvii.gay,available,52,1%,5,Mathematics,,,
lxxiii.gay,available,52,1%,6,Mathematics,,,
eightytwo.gay,available,52,4%,10,Mathematics,,,
ixc.gay,available,52,5%,3,Mathematics,,,
detestable.gay,available,52,1%,10,Humanities,,,
sixtyfive.gay,available,52,3%,10,Mathematics,,,
xcv.gay,available,52,7%,3,Mathematics,,,
ablated.gay,available,52,1%,7,Science,,,
abominable.gay,available,52,2%,10,"Entertainment,Humanities",,,
odious.gay,available,52,2%,6,"Entertainment,Humanities",,,
lxviii.gay,available,52,1%,6,Mathematics,,,
eightyone.gay,available,52,3%,10,Mathematics,,,
xciii.gay,available,52,1%,5,Mathematics,,,
uphill.gay,available,52,7%,6,"Sports,Transportation,Travel",,,
lxxiv.gay,available,52,1%,5,Mathematics,,,
sixtysix.gay,available,52,4%,9,Mathematics,,,
ninetyone.gay,available,52,5%,10,Mathematics,,,
repulsive.gay,available,52,1%,9,Humanities,,,
ninetytwo.gay,available,52,4%,10,Mathematics,,,
lxxvii.gay,available,52,2%,6,Mathematics,,,
adenoidal.gay,available,52,1%,9,"Health and Fitness,Medicine,Science",,,
xciv.gay,available,52,2%,4,Mathematics,,,
lxxxvi.gay,available,52,1%,6,Mathematics,,,
sixtytwo.gay,available,52,3%,9,Mathematics,,,
lxxxvii.gay,available,52,1%,7,Mathematics,,,
chagrined.gay,available,52,1%,9,Humanities,,,
lxxvi.gay,available,52,1%,5,Mathematics,,,
lxiv.gay,available,52,3%,4,Mathematics,,,
lxii.gay,available,52,1%,4,Mathematics,,,
lxiii.gay,available,52,2%,5,Mathematics,,,
lxxii.gay,available,52,1%,5,Mathematics,,,
ixl.gay,available,52,9%,3,Mathematics,,,
aboulic.gay,available,52,1%,7,Medicine,,,
lxvi.gay,available,52,3%,4,Mathematics,,,
lxv.gay,available,52,5%,3,Mathematics,,,
abysmal.gay,available,52,4%,7,"Arts,Entertainment,Media",,,
xcii.gay,available,52,2%,4,Mathematics,,,
decumbent.gay,available,52,1%,9,"Healthcare,Medicine,Science",,,
abbatial.gay,available,50,0%,8,Religion,,,
scummy.gay,available,50,1%,6,Humanities,,,
cinque.gay,available,50,7%,6,Mathematics,,,
abdicable.gay,available,50,0%,9,Law,,,
acetose.gay,available,50,1%,7,Science,,,
acerbic.gay,available,50,2%,7,"Arts,Humanities,Media",,,
abducting.gay,available,50,0%,9,Medicine,,,
needlelike.gay,available,50,0%,10,"Engineering,Medicine,Science",,,
abomasal.gay,available,50,0%,8,Agriculture,,,
abranchial.gay,available,50,0%,10,Science,,,
broached.gay,available,50,0%,8,Food and Beverage,,,
aborticide.gay,available,50,0%,10,Medicine,,,
acetous.gay,available,50,1%,7,Science,,,
acapnotic.gay,available,50,0%,9,"Healthcare,Medicine,Science",,,
gillless.gay,available,50,0%,9,Science,,,
triplet.gay,available,50,8%,7,Science,,,
spinous.gay,available,50,1%,7,"Agriculture,Science",,,
adactylous.gay,available,50,0%,10,Science,,,
lxx.gay,available,50,5%,3,Mathematics,,,
trine.gay,available,50,11%,5,"General,Religion",,,
adhominem.gay,available,50,2%,10,"Humanities,Law,Politics",,,
acapnic.gay,available,50,0%,7,"Healthcare,Medicine,Science",,,
abactinal.gay,available,50,0%,9,Science,,,
vinegary.gay,available,50,1%,8,Food and Beverage,,,
acerb.gay,available,50,2%,5,Science,,,
acellular.gay,available,50,1%,9,Science,,,
ogdoad.gay,available,50,1%,6,Mathematics,,,
acquitted.gay,available,50,1%,9,Law,,,
acaudal.gay,available,50,1%,7,"Agriculture,Science",,,
aculeated.gay,available,50,0%,9,"Engineering,Medicine,Science",,,
acerose.gay,available,50,1%,7,Science,,,
abyssal.gay,available,48,12%,7,"Arts,Entertainment,Media",,,
lxxxviii.gay,available,48,1%,8,Mathematics,,,
apriori.gay,available,48,13%,8,Mathematics,,,
ilxxx.gay,available,48,1%,5,Mathematics,,,
ilxx.gay,available,48,1%,4,Mathematics,,,
notguilty.gay,available,48,5%,10,Law,,,
execrable.gay,available,48,0%,9,"Entertainment,Humanities",,,
abstracted.gay,available,48,5%,10,"Arts,Humanities,Science",,,
acephalous.gay,available,46,1%,10,Science,,,
stemless.gay,available,46,2%,8,"Agriculture,Science",,,
acicular.gay,available,46,2%,8,Science,,,
vinegarish.gay,available,46,1%,10,Food and Beverage,,,
achromous.gay,available,46,1%,9,Science,,,
acheronian.gay,available,46,1%,10,Humanities,,,
acaudate.gay,available,46,1%,8,"Agriculture,Science",,,
acetylic.gay,available,46,1%,8,Science,,,
quaternary.gay,available,46,3%,10,Mathematics,,,
acanthoid.gay,available,46,1%,9,"Agriculture,Science",,,
acetonic.gay,available,46,1%,8,Science,,,
achenial.gay,available,46,1%,8,Science,,,
acanthotic.gay,available,46,0%,10,"Agriculture,Science",,,
acanthous.gay,available,46,0%,9,"Agriculture,Science",,,
cotyloid.gay,available,46,1%,8,Science,,,
stripling.gay,available,46,2%,9,"Education,Entertainment,Healthcare",,,
acarpelous.gay,available,46,0%,10,"Agriculture,Science",,,
acarpous.gay,available,46,0%,8,"Agriculture,Science",,,
theabsurd.gay,available,46,1%,10,"Arts,Entertainment,Media",,,
acetylenic.gay,available,46,1%,10,Science,,,
acapnial.gay,available,46,0%,8,"Healthcare,Medicine,Science",,,
achromic.gay,available,46,2%,8,Science,,,
acetabular.gay,available,46,1%,10,Science,,,
accusatory.gay,available,44,1%,10,Law,,,
acherontic.gay,available,44,1%,10,Humanities,,,
cotyloidal.gay,available,44,1%,10,Science,,,
abscessed.gay,available,41,0%,9,Healthcare,,,
phoebe.gay,available,41,14%,6,Science,,,
accurst.gay,available,40,1%,7,Religion,,,
accusive.gay,available,40,1%,8,Law,,,
scurrilous.gay,available,40,1%,10,"Entertainment,Media,Politics",,,